name,id,age,phone_no,plan_id
Gaylor Verner,1,58,956 904 4261,Annualy1
Winona Scranney,2,38,884 147 6543,Annualy1
Harmonie Schlagman,3,32,239 971 6004,Daily1
Curran Golde,4,26,484 734 1709,Quarterly1
Murray Adshead,5,54,671 631 0371,Quarterly1
Tiena Wisniewski,6,21,717 427 8952,Monthly1
Aldwin Watkin,7,45,932 594 6357,Annualy1
Arlene Everex,8,30,934 898 2751,Annualy1
Alaster Nafziger,9,18,523 357 6430,Annualy1
Vickie Bettam,10,26,170 649 1966,Monthly1
Pauli Lomen,11,19,791 233 9233,Weekly1
Annamaria MacAllen,12,52,287 452 0348,Monthly1
Karleen Gruby,13,47,533 386 3455,Annualy1
Amanda Sichardt,14,19,785 608 0348,Weekly1
Michale Bircher,15,57,547 254 2157,Annualy1
Cher O'Spellissey,16,49,808 229 3383,Annualy1
Decca Corbyn,17,60,633 540 7321,Quarterly1
Janos Heistermann,18,48,620 499 4733,Weekly1
Dasya Roberds,19,22,507 470 2175,BiAnnualy1
Erek Fay,20,27,843 772 4101,BiAnnualy1
Sallee Clyde,21,30,793 286 3419,Annualy1
Gerladina Harnwell,22,48,519 835 9504,Annualy1
Michaeline Sesser,23,44,219 940 7502,Daily1
Blayne Bercher,24,51,594 721 0614,BiAnnualy1
Cornie Leatherbarrow,25,31,674 767 6398,Monthly1
Barbra Joscelin,26,47,866 337 2615,Weekly1
Brandon Benn,27,47,349 883 9203,Daily1
Albertina Forten,28,53,563 319 5140,Quarterly1
Lavina Newark,29,35,579 994 8325,Monthly1
Merrily Parmenter,30,49,102 951 8646,Annualy1
Ashbey Yerill,31,44,162 618 4945,Daily1
Vinson Paxeford,32,24,785 259 2151,Quarterly1
Gerianna Patek,33,48,467 359 3930,Quarterly1
Laurianne Gook,34,26,698 913 3157,Annualy1
Wernher Skeates,35,22,269 120 9217,Annualy1
Wendy Dunklee,36,60,902 526 2185,Annualy1
Othello Elnough,37,42,256 442 8690,Monthly1
Matthieu Germann,38,30,920 150 5974,Quarterly1
Valli Farey,39,38,829 311 4100,Quarterly1
Kakalina McElane,40,51,494 363 0257,BiAnnualy1
Heriberto Cruickshank,41,37,356 557 6040,Daily1
Mariquilla St. Queintain,42,51,400 989 7804,Quarterly1
Rodolphe Sibille,43,28,835 548 6802,Weekly1
Renelle Moland,44,41,300 543 6532,BiAnnualy1
Rolando Kirmond,45,55,478 327 1110,Annualy1
Brynne Griffitt,46,20,187 948 9420,Quarterly1
Rozele Fitch,47,57,144 727 4253,Weekly1
Allie Stace,48,57,515 451 1882,BiAnnualy1
Sawyer Kinge,49,54,730 631 9661,Monthly1
Flin Wanka,50,41,328 925 3371,Daily1
Reggy Browne,51,42,252 382 3902,Monthly1
Sidonnie Leefe,52,59,519 937 9264,Daily1
Symon Ives,53,39,357 543 3069,Monthly1
Ilka Sywell,54,25,405 936 4727,Monthly1
Cedric Cosgriff,55,20,723 625 0231,Annualy1
Anselm Paula,56,45,277 399 8352,BiAnnualy1
Gwendolin Rodgman,57,51,539 218 5063,BiAnnualy1
Neddy Talloe,58,56,252 243 4504,Quarterly1
Brittan Berrey,59,57,109 900 1399,Quarterly1
Bibbye Amner,60,55,298 835 3335,Daily1
Felicle Tummond,61,48,898 584 8355,Annualy1
Karie Beeble,62,47,935 329 0959,Annualy1
Rozelle Hanscombe,63,39,549 968 4243,Quarterly1
Amabel Baradel,64,35,861 536 7014,Quarterly1
Darrelle MacGhee,65,57,356 627 5937,Quarterly1
Judon O'Corren,66,59,937 607 1759,Daily1
Alfons Barltrop,67,25,923 139 6716,BiAnnualy1
Dorothea Ding,68,44,949 639 5975,BiAnnualy1
Herrick Wrightam,69,33,250 253 9743,Weekly1
Brianna Wellum,70,44,197 674 8226,BiAnnualy1
Gaylord Dmych,71,58,291 249 9520,Monthly1
Simona De Caville,72,49,774 601 7358,Daily1
Emelen Michallat,73,48,157 757 6689,Daily1
Teddie Kull,74,45,858 730 8984,Annualy1
Guendolen Slatcher,75,59,153 951 3035,Weekly1
Evania Haburne,76,58,592 498 4523,Daily1
Udell Maxwaile,77,54,342 311 6297,Quarterly1
Kayla Gavaran,78,57,308 413 7987,BiAnnualy1
Cristine Cassius,79,24,800 442 4845,Annualy1
Spence Umbert,80,48,107 585 7747,Quarterly1
Callida Gordon-Giles,81,55,816 808 8916,Weekly1
Lynn Hughill,82,57,817 242 7907,Weekly1
Ewan Casella,83,46,257 709 1823,Monthly1
Garvin Hardy-Piggin,84,54,261 993 9856,Annualy1
Leshia Haysman,85,50,655 824 8455,Quarterly1
Ynes Cowlam,86,21,979 803 4621,BiAnnualy1
Roxanne Lardeux,87,41,164 144 4993,Quarterly1
Heidi Willeson,88,39,778 568 0276,Annualy1
Lorelle Pollastrino,89,56,263 637 5912,Daily1
Chelsy Baggett,90,26,349 229 4783,BiAnnualy1
Wendeline Kidstone,91,60,739 702 0969,Annualy1
Amery Chartre,92,48,407 108 9989,BiAnnualy1
Dulcie Yurkiewicz,93,38,366 662 9721,Monthly1
Ann-marie Rigby,94,46,425 168 2352,Daily1
Haslett Savill,95,38,520 559 7427,Monthly1
Nissie Lange,96,24,383 407 0629,Annualy1
Bartholemy Flitcroft,97,46,944 638 7411,BiAnnualy1
Parke Carwithim,98,51,281 391 6225,Monthly1
Cassey Zuanelli,99,31,647 315 0197,Annualy1
Gwendolen Arnow,100,32,822 940 6720,Quarterly1
Hunfredo Golden of Ireland,101,49,366 809 4874,Monthly1
Jazmin Cape,102,41,538 234 1815,Weekly1
Alexi Smaile,103,52,656 997 7445,Annualy1
Staci Greensitt,104,58,382 746 9426,Daily1
Feliks Sammut,105,42,732 384 3675,Annualy1
Rodrick Leeds,106,26,371 215 8095,Daily1
Ketti Jedrys,107,37,553 355 9567,Annualy1
Hilton Dunston,108,53,264 402 7151,Quarterly1
Kizzee Tynnan,109,45,565 128 5911,Quarterly1
Gretel Cornelleau,110,38,621 960 8775,BiAnnualy1
Maddi Ockleshaw,111,25,915 187 1858,Monthly1
Max Kettle,112,50,449 651 1937,Monthly1
Neddie Kyberd,113,54,538 517 8643,Quarterly1
Isak Cootes,114,42,712 318 0131,Monthly1
Johnathon Danett,115,35,722 229 9016,BiAnnualy1
Helga Dinley,116,47,989 905 8415,Monthly1
Huntlee Kilpin,117,48,445 411 6509,BiAnnualy1
Cassi Mudd,118,54,201 870 5875,Quarterly1
Ariela Jarville,119,46,840 614 6518,Daily1
Benton Van der Daal,120,26,237 160 9985,Daily1
Joey Children,121,31,821 144 8210,BiAnnualy1
Lucina Phoenix,122,43,806 257 2996,Monthly1
Felisha Dovey,123,52,941 885 0313,Weekly1
Lillian Frobisher,124,29,750 632 6550,Monthly1
Kerianne Witherbed,125,47,163 312 3147,Quarterly1
Shaylah Smithen,126,46,676 529 3912,Quarterly1
Nevin Quarles,127,41,734 621 9656,Annualy1
Ingeberg Trenholme,128,51,412 549 8170,Monthly1
Modesty Rabbet,129,59,266 694 6183,Quarterly1
Odey Branchett,130,41,473 482 0628,Quarterly1
Sibel Peacham,131,26,457 805 0611,Monthly1
Aldrich Lydden,132,30,815 266 1363,Monthly1
Dacie Brilleman,133,21,591 801 2003,Daily1
Eleen Neylan,134,60,984 255 6442,Weekly1
Marion Demogeot,135,34,773 689 6071,BiAnnualy1
Tedie Grinter,136,44,620 155 4029,Quarterly1
Ellen Birchner,137,27,728 602 1624,Annualy1
Vonnie Baress,138,31,129 608 2572,Quarterly1
Aloisia Kedslie,139,39,620 834 7464,Annualy1
Thomasin Willis,140,41,240 147 6604,Weekly1
Kristopher MacGibbon,141,20,605 147 3883,Quarterly1
Jeannie Oldall,142,59,556 806 4535,Annualy1
Oliviero Formoy,143,40,486 563 4346,Weekly1
Dyanne Feathersby,144,38,673 424 3882,Annualy1
Aurilia Gillow,145,19,761 431 6181,Monthly1
Cassie Greg,146,41,338 537 3895,Quarterly1
Bryan Guilliatt,147,36,325 647 5946,Monthly1
Guenevere Baszkiewicz,148,24,683 802 6852,Quarterly1
Irina Hellwig,149,20,452 707 5004,Annualy1
Morgana Polo,150,37,161 287 2250,BiAnnualy1
Trude Pockey,151,54,282 228 1764,Annualy1
Donalt Cradoc,152,40,513 307 5730,Weekly1
Abbie Anthonsen,153,40,148 809 8080,Quarterly1
Denice Jenicke,154,35,665 446 2999,BiAnnualy1
Ronny Dyers,155,46,203 357 4443,Daily1
Seamus Rivett,156,36,113 834 2875,Daily1
Muffin Rosenfelder,157,41,970 350 1129,Monthly1
Daloris Emanson,158,46,310 283 2763,Daily1
Seward Gissing,159,56,966 304 5164,Weekly1
Eddy Shouler,160,51,673 424 8041,Monthly1
Eydie Severs,161,41,268 759 3078,Quarterly1
Niccolo Bretton,162,27,118 879 9126,Annualy1
Winonah Shugg,163,56,824 370 3438,Quarterly1
Aundrea Lindblom,164,35,117 384 8274,Weekly1
Ailsun Swanston,165,43,695 290 2326,BiAnnualy1
Kimmi Dannett,166,24,126 484 6416,Monthly1
Othilie Lygoe,167,38,733 171 3952,BiAnnualy1
Carmita Branson,168,40,523 366 5898,Quarterly1
Melisent Ceney,169,19,116 559 7548,BiAnnualy1
Martyn Sancto,170,44,202 904 3011,Daily1
Griswold Tellett,171,26,266 460 4188,Quarterly1
Pascal Lamberto,172,60,315 651 7870,Monthly1
Lusa Pottie,173,55,295 573 7128,Weekly1
Westbrooke Freeberne,174,36,609 449 8229,Weekly1
Darbee Elcum,175,43,527 993 2751,Weekly1
Arther Kinavan,176,23,189 170 5310,Monthly1
Max Denisyuk,177,40,302 431 1098,Annualy1
Hort Oake,178,39,333 870 3185,Daily1
Holli Gonnard,179,30,454 868 2239,Quarterly1
Syd Crippill,180,49,746 447 7971,Weekly1
Donny Constant,181,40,556 885 7449,Daily1
Barby Corgenvin,182,26,786 646 0343,Quarterly1
Brocky Brim,183,48,245 811 0386,BiAnnualy1
Marge Yukhin,184,25,941 347 1899,Monthly1
Hendrika Hucke,185,19,605 309 9337,Daily1
Annelise Baldick,186,54,177 738 8332,BiAnnualy1
Donni Vaszoly,187,59,466 796 7007,Monthly1
Jeromy Janse,188,53,756 805 0138,Annualy1
Fabe Gaskill,189,21,455 808 9666,Daily1
Lynnea Plowes,190,60,895 725 3312,Annualy1
Lexie Francecione,191,33,306 789 6642,Daily1
Reidar Pescott,192,19,301 482 4072,Quarterly1
Auberta Jeffreys,193,42,129 656 6879,Quarterly1
Maegan Attfield,194,46,607 558 4847,Quarterly1
Charmain Sleney,195,50,195 751 2325,Quarterly1
Hyacinthe Guidetti,196,45,162 749 0357,Weekly1
Alta Schade,197,33,606 867 8062,Weekly1
Byram Klampk,198,39,210 944 7060,Daily1
Lyssa Flann,199,60,832 743 0138,BiAnnualy1
Alvie Corfield,200,58,307 709 6551,Quarterly1
Bone Canon,201,31,147 809 7835,Annualy1
Dix McKeachie,202,20,819 985 8136,BiAnnualy1
Madelina Haseman,203,55,476 460 1531,BiAnnualy1
Ben Heinsius,204,36,818 766 3418,Quarterly1
Byrom Truitt,205,46,473 890 0303,Annualy1
Stephen Norcliff,206,41,931 387 8610,BiAnnualy1
Akim Carse,207,22,488 840 1677,Weekly1
Jessey Speir,208,38,947 534 1963,Daily1
Veronique Wannop,209,23,155 272 4971,Daily1
Leonerd Mallison,210,22,250 947 6400,Daily1
Tommie Berk,211,53,329 884 5015,Weekly1
Cheston Sinott,212,42,132 943 6618,BiAnnualy1
Christian Coare,213,20,822 397 3023,Annualy1
Emilio Tudge,214,49,749 218 3979,Annualy1
Diandra Doncom,215,36,876 599 7659,Monthly1
Rupert Perocci,216,58,819 720 8976,Weekly1
Corine Summerell,217,56,126 733 7539,Quarterly1
Barbabas Ferenczy,218,56,573 447 2626,Annualy1
Lucine Puckinghorne,219,44,879 201 8148,BiAnnualy1
Fernanda Juppe,220,24,669 161 6584,BiAnnualy1
Crosby Fydoe,221,31,549 103 6137,Quarterly1
Starlin Stife,222,35,115 150 9021,BiAnnualy1
Crichton Bunner,223,25,113 900 2034,Daily1
Lazare Benner,224,42,480 723 0243,Quarterly1
Letisha Krahl,225,58,145 447 3110,Annualy1
Brier Popov,226,51,406 345 5806,Monthly1
Junette Fine,227,54,355 685 0184,Daily1
Urbano Huxster,228,44,707 711 1513,BiAnnualy1
Wallis Belderson,229,39,937 289 5536,BiAnnualy1
Lisa Rottger,230,48,625 407 5740,Monthly1
Jacklyn Bartocci,231,53,619 127 9055,Quarterly1
Korie Moynihan,232,39,160 426 4619,Monthly1
Jess Niblett,233,39,603 543 3219,Daily1
Pattie Trewhitt,234,57,622 946 7240,Annualy1
Fanchette Issacson,235,57,484 883 4575,Daily1
Addy Drains,236,42,819 906 5662,Monthly1
Zuzana Halson,237,30,794 771 8359,Annualy1
Kizzee Druhan,238,50,613 496 0574,Quarterly1
Ambrosi Dellar,239,34,266 454 2301,Weekly1
Tades Wallbanks,240,43,602 517 0460,Monthly1
Augustina Begin,241,36,233 516 4361,Weekly1
Caldwell Strutz,242,57,819 898 9893,BiAnnualy1
Brod Maddock,243,35,629 538 3847,Daily1
Emilee Angus,244,59,399 247 4716,BiAnnualy1
Sander Keith,245,48,640 660 2089,Weekly1
Brear Otter,246,24,189 919 0515,Weekly1
Sanderson Blagden,247,31,941 130 5372,Annualy1
Danell Laviste,248,29,844 409 2999,Weekly1
Dottie Dewfall,249,24,333 955 2052,BiAnnualy1
Shay Beange,250,21,754 377 4777,Annualy1
Andi Arendsen,251,44,104 242 0259,BiAnnualy1
Leda Bestwick,252,30,361 849 6354,Annualy1
Aleen Orteau,253,52,420 726 4858,Monthly1
Nicol Ife,254,49,581 428 4350,Daily1
Edvard Petigrew,255,57,989 200 8266,Weekly1
Link Kenner,256,28,700 852 5817,Annualy1
Henka Melwall,257,31,428 797 1536,Weekly1
Wyndham Haddow,258,35,860 213 5079,Annualy1
Marleen Leeds,259,24,847 301 4831,Monthly1
Florian Mengo,260,24,268 720 1772,Quarterly1
Arleen Hamel,261,22,814 130 3082,Monthly1
Renato Stammers,262,35,536 342 7055,Monthly1
Chadwick Aylmer,263,55,515 982 7082,Daily1
Mikol Ruckman,264,22,933 406 7811,Quarterly1
Murdoch Tilbey,265,50,636 826 6262,Annualy1
Chauncey Philpots,266,21,131 343 6577,Daily1
Odie Shoebridge,267,41,319 356 4092,BiAnnualy1
Ignace Nineham,268,19,437 656 8683,Weekly1
Elliott Docharty,269,40,548 225 2838,Monthly1
Lutero Phoenix,270,52,298 825 3109,Weekly1
Micaela Dunan,271,24,342 442 0902,Annualy1
Lawry Dymidowski,272,18,949 460 4449,Annualy1
Skipton Nadin,273,34,932 906 6772,Daily1
Violet Kamienski,274,44,102 975 3975,Quarterly1
Carly Byfield,275,40,763 839 1926,Weekly1
Martha Kollatsch,276,42,344 537 4586,Daily1
Amie Mawby,277,40,182 711 2282,Annualy1
Garrik Mundwell,278,27,610 491 9706,Annualy1
Tally Barnwell,279,47,782 708 1451,Daily1
Cassandre Boldra,280,41,789 492 3076,Weekly1
Honor Bickerton,281,20,111 136 1516,BiAnnualy1
Jory Kleeman,282,28,832 314 9151,Annualy1
Frannie Molan,283,40,946 581 6866,Weekly1
Tiffi Bryns,284,51,261 937 9358,Quarterly1
Angus Jerdein,285,32,834 375 7928,BiAnnualy1
Walden Hindsberg,286,56,377 615 0049,Weekly1
Philipa Di Bernardo,287,54,790 515 9108,Daily1
Alfi Laidler,288,42,246 322 4995,Weekly1
Quintilla Isgar,289,25,476 743 0533,Monthly1
Cosmo Tuxell,290,29,397 525 3101,Weekly1
Malory Cranny,291,46,484 357 0872,Annualy1
Ashleigh Shearstone,292,55,344 910 0065,Monthly1
Brier Hitscher,293,53,300 456 8992,BiAnnualy1
Pippy Coules,294,50,133 494 4479,Annualy1
Shel Outram,295,32,553 715 2810,BiAnnualy1
Tam Lancetter,296,26,711 573 8105,Daily1
Ronnie Rothermel,297,47,963 105 3853,Annualy1
Olivette Starie,298,56,801 473 4094,BiAnnualy1
Trueman Hanscom,299,43,725 996 6495,BiAnnualy1
Ricky Fursse,300,34,602 187 9692,Annualy1
Jessika Holtaway,301,48,854 750 7050,Monthly1
Mohammed Dugget,302,35,952 159 6293,Weekly1
Mora Forgan,303,42,321 314 2421,Monthly1
Arlina Eggleson,304,20,319 264 0250,BiAnnualy1
Scarlet Wrought,305,54,723 966 4584,Quarterly1
Corette Ivashkov,306,52,270 511 8414,Daily1
Helen-elizabeth Gawthorp,307,50,927 703 4079,Weekly1
Faunie Blethyn,308,35,697 550 1326,Daily1
Raeann Barbie,309,20,152 586 0163,Quarterly1
Quentin Radloff,310,38,770 520 7918,Weekly1
Hunfredo Dulanty,311,29,622 568 5703,Quarterly1
Scot St Leger,312,18,849 942 8087,Quarterly1
Delainey Saurat,313,24,804 368 3978,Quarterly1
Mar Pavlik,314,29,223 334 8922,Annualy1
Malia Tommis,315,43,704 775 2493,Monthly1
Hilly Chantler,316,32,501 612 0945,Daily1
Ruth Manderson,317,30,700 367 9481,Quarterly1
Gris Crighten,318,44,865 626 8337,Quarterly1
Norene Haddrell,319,58,348 170 6748,Weekly1
Selma Pracy,320,34,389 495 6870,Daily1
Tine Nockalls,321,18,522 649 5089,Quarterly1
Jackie Tratton,322,30,852 755 9502,Weekly1
Ashely Janik,323,50,438 469 3539,Weekly1
Benetta Spaice,324,42,636 757 6361,Quarterly1
Coletta Simenet,325,20,794 391 4234,Weekly1
Cassondra Oxby,326,53,496 465 4406,Weekly1
Elinor Roback,327,30,228 382 1800,Daily1
Walsh Sterland,328,48,410 942 1956,Annualy1
Puff Quinsee,329,35,931 593 9683,Annualy1
Pavia Stair,330,35,849 125 6861,Monthly1
Clarabelle Swettenham,331,49,956 721 3846,BiAnnualy1
Sanderson Lamboll,332,53,705 304 4231,BiAnnualy1
Nappie O' Reagan,333,19,136 894 1168,Weekly1
Arney St Ange,334,45,282 786 5472,Weekly1
Lacie Eager,335,30,523 229 2639,Quarterly1
Conni Orchart,336,55,939 993 2370,Weekly1
Reginald Tarte,337,37,799 142 8219,Daily1
Marta Skala,338,18,803 417 3965,BiAnnualy1
Carce Erasmus,339,30,859 262 3065,Annualy1
Crosby Dalziel,340,44,729 694 0587,Monthly1
Giacinta Stapley,341,49,619 182 5761,Monthly1
Sheree Tetther,342,49,225 110 7822,Annualy1
Galina Lorkins,343,32,146 912 4340,Monthly1
Ericha Craise,344,52,641 456 3346,Annualy1
Clemmie House,345,50,606 675 6872,BiAnnualy1
Jethro Rispine,346,42,977 777 7065,Quarterly1
Creighton Bagguley,347,22,544 557 2195,BiAnnualy1
Kylynn Swafford,348,29,634 752 5774,BiAnnualy1
Olvan Luparto,349,46,376 953 1348,Daily1
Quincey Price,350,23,805 965 1534,Annualy1
Zeke David,351,45,224 798 9398,Monthly1
Tan Kneesha,352,30,334 840 1516,Monthly1
Moe Yockley,353,38,440 833 4373,BiAnnualy1
Vinita Corcut,354,33,940 941 6661,BiAnnualy1
Tan Tockell,355,40,473 740 6233,Weekly1
Ellyn Prendergast,356,43,953 699 0902,Quarterly1
Joline Jelkes,357,42,903 404 0797,Daily1
Laurella Cowope,358,57,262 200 4374,BiAnnualy1
Kalvin Rafter,359,25,373 733 1320,Monthly1
Agosto Cowterd,360,52,169 265 1408,Daily1
Cleveland Dollard,361,28,661 476 8382,BiAnnualy1
Erika Grassett,362,54,914 284 4913,Daily1
Harv Scandwright,363,20,923 409 7711,Quarterly1
Sawyere Inkle,364,57,874 111 9443,BiAnnualy1
Modestia Gumn,365,27,495 192 1142,Daily1
Lanny Eggers,366,48,598 230 8580,Monthly1
Eleanor Demchen,367,58,375 375 7794,Monthly1
Barnabe MacConnal,368,30,463 158 7906,BiAnnualy1
Alisa Banes,369,48,209 462 3319,BiAnnualy1
Colas Panniers,370,45,158 482 5064,Weekly1
Rochester Leatherbarrow,371,31,255 143 9809,Daily1
Jilleen Wackly,372,43,856 253 1882,Quarterly1
Shayne Rigden,373,29,455 576 4162,Monthly1
Herman Shelford,374,44,912 899 6682,Daily1
Ulises Meredyth,375,34,944 562 4155,Quarterly1
Earvin Goby,376,24,210 289 7461,Weekly1
Ivy Belk,377,20,104 287 1698,BiAnnualy1
Waverley Walsh,378,55,565 637 7025,Daily1
Shelton Soaper,379,47,421 328 4434,Annualy1
Aloysia Fawks,380,33,356 776 7583,Quarterly1
Rickie Veeler,381,51,524 663 4336,Weekly1
Nappie Vigors,382,33,295 921 4074,Weekly1
Nikolia Revie,383,19,149 568 0923,Quarterly1
Farra Streater,384,30,473 687 8237,Annualy1
Caitrin Bernardos,385,44,915 897 9098,Quarterly1
Caresse Aggis,386,32,445 989 2345,BiAnnualy1
Caren Quinion,387,50,707 262 8517,Monthly1
Cora Canacott,388,33,200 748 9997,Annualy1
Garrik Hakking,389,57,128 649 6135,BiAnnualy1
Hercule Fache,390,48,445 130 5165,Weekly1
Livvyy Trustram,391,41,776 821 5331,Annualy1
Johnny Assante,392,55,293 661 3296,Weekly1
Emmett Utterson,393,47,948 495 6863,Weekly1
Babbie Doale,394,40,384 923 6128,Monthly1
Zena Selly,395,31,545 502 8940,Annualy1
Shaine Dulinty,396,57,194 762 8157,Monthly1
Jacenta Glyde,397,57,699 290 9347,Quarterly1
Lusa Verlinde,398,45,610 456 5652,Daily1
Odetta Carleton,399,25,371 123 1305,Daily1
Letitia Mayberry,400,50,703 750 3632,Monthly1
Claiborn Filipyev,401,27,554 301 3421,Weekly1
Christy Van den Broek,402,38,180 592 1862,Quarterly1
Joel Patry,403,51,821 867 0540,Monthly1
Misty Courtney,404,39,888 345 2635,BiAnnualy1
Nikolaus Ballinger,405,29,793 816 0138,Quarterly1
Annabela Trudgian,406,57,676 986 1961,Annualy1
Georgianne Delgua,407,40,922 998 8600,Quarterly1
Judie Souness,408,41,812 527 0322,BiAnnualy1
Berkeley Ballance,409,32,595 289 8351,Daily1
Bendicty Dyton,410,50,372 813 0381,Weekly1
Walther Huncoot,411,46,936 616 2517,BiAnnualy1
Elsinore Kerslake,412,31,817 741 6575,Monthly1
Doe Towey,413,51,172 254 9395,BiAnnualy1
Britta Canedo,414,32,189 332 3916,Quarterly1
Whit Liddiatt,415,45,342 791 0263,Annualy1
Hebert Jerosch,416,43,597 785 8578,Monthly1
Ram Carlesso,417,26,204 142 1763,Monthly1
Aggy Ditzel,418,32,348 337 6618,BiAnnualy1
Lynnette Twinberrow,419,53,106 679 5561,Annualy1
Alfie Stanley,420,18,572 599 2917,Annualy1
Pavlov Trickey,421,38,256 405 7367,Annualy1
Ranice Ollerenshaw,422,39,846 956 2773,Annualy1
Britt Sikorski,423,18,748 903 9153,Daily1
Gunar Mackley,424,32,872 593 6321,Weekly1
Adorne Figures,425,22,583 491 0084,Monthly1
Merrill Ruste,426,33,891 681 4751,BiAnnualy1
Lynda Tompkiss,427,45,730 426 8101,Weekly1
Hercule Domengue,428,53,195 963 8081,Daily1
Jedediah Ballantyne,429,45,573 759 3694,Weekly1
Wilmar Rivers,430,45,483 141 0519,Quarterly1
Kristal Grime,431,30,461 140 6897,Quarterly1
Flory Balaison,432,54,558 255 4030,BiAnnualy1
Connie Withnall,433,18,426 794 2229,Monthly1
Nari Decourcy,434,60,591 137 3308,BiAnnualy1
Kristoforo Giacobbo,435,36,264 926 2024,Annualy1
Greggory Giacovazzo,436,27,144 789 9141,Monthly1
Ilyssa Sweetnam,437,39,285 196 8321,Monthly1
Ardelle Hodinton,438,53,581 159 2300,Annualy1
Nonnah Thomson,439,34,886 601 9384,Daily1
Sephira Berth,440,42,540 589 3590,Daily1
Cedric Dallewater,441,60,481 651 2693,Monthly1
Beth Mirfin,442,51,590 901 7306,BiAnnualy1
Hester Burchall,443,40,846 359 1019,BiAnnualy1
Mal Grob,444,32,380 623 4440,Monthly1
Brenn Prudham,445,36,556 974 3607,Weekly1
Winny Elks,446,29,188 668 0347,Quarterly1
Gilligan Baguley,447,43,108 679 5501,BiAnnualy1
Morie Dorn,448,51,600 425 3007,Quarterly1
Gunther Twentyman,449,51,676 791 7538,Quarterly1
Brandi Shevill,450,31,782 517 2072,Quarterly1
Etti Gain,451,46,402 709 6587,Annualy1
Hakim Barrim,452,20,929 905 0802,Annualy1
Morgan Chippindall,453,30,256 748 0043,Quarterly1
Pia Ricioppo,454,53,646 452 1357,Monthly1
Levey Jansson,455,56,936 631 6694,Annualy1
Wandie Greader,456,40,870 260 3048,BiAnnualy1
Chan Ranaghan,457,45,314 968 9198,Monthly1
Delbert O'Lenane,458,38,833 446 0972,Annualy1
Gennie Fynn,459,20,183 578 5713,Monthly1
Mallorie Giles,460,54,417 823 4958,Daily1
Hyacinthia Straker,461,51,413 467 0477,Monthly1
Hewet Stivers,462,22,870 150 8684,BiAnnualy1
Gaspar Geldeford,463,38,112 594 5246,BiAnnualy1
Marlena MacAnulty,464,51,154 675 0244,BiAnnualy1
Errol Keemar,465,42,593 680 9743,Daily1
Sid Mordon,466,33,956 629 9037,Daily1
Bartie Belch,467,60,547 214 5323,Daily1
Pate Urridge,468,56,848 855 8280,Daily1
Jaime Recke,469,20,502 164 7667,BiAnnualy1
Phineas Seywood,470,25,185 237 3478,Daily1
Germayne Standing,471,19,801 761 0231,Weekly1
Phyllys Skunes,472,23,713 385 0980,Annualy1
Grayce Hoy,473,48,538 490 6301,Daily1
Mandie Gogin,474,60,520 297 6307,Annualy1
Gradeigh Mayall,475,32,130 325 1473,Weekly1
Valentino Shire,476,47,369 793 5383,Quarterly1
Aloysius Baggelley,477,40,150 892 6660,BiAnnualy1
Maybelle Tsar,478,26,494 847 0994,BiAnnualy1
Dee dee Genn,479,18,972 841 6540,Weekly1
Wilow Comer,480,31,101 994 5524,Weekly1
Petr Schwand,481,24,106 890 2690,Monthly1
Biddie Welden,482,42,852 220 1881,Annualy1
Colline Laight,483,49,305 857 4746,Quarterly1
Rolando McElwee,484,47,375 634 2301,Annualy1
Perry Soane,485,50,664 981 9128,Quarterly1
Pooh Flay,486,60,483 639 0644,Weekly1
Tan Doswell,487,59,675 605 8747,Annualy1
Teri Jachtym,488,57,429 362 7624,Quarterly1
Robina Agostini,489,29,697 520 9049,Monthly1
Sammy Tejero,490,25,505 298 1821,Annualy1
Elvina Condy,491,60,641 929 7329,Quarterly1
Fairlie Paulusch,492,52,238 112 3813,Daily1
Noel Weeks,493,40,996 136 5577,BiAnnualy1
Karrie Bisatt,494,50,349 473 0321,Quarterly1
Bradley Estabrook,495,24,588 386 5162,Weekly1
Beltran Puleston,496,45,492 237 2669,Annualy1
Halli Brighouse,497,53,187 745 9566,Monthly1
Kevan Astridge,498,38,410 705 8979,Daily1
Aubrette Stapels,499,44,212 107 6163,BiAnnualy1
Buffy Sainsbury,500,19,488 167 1757,Annualy1
Esmeralda Maddaford,501,38,295 738 1517,BiAnnualy1
Dorolisa Kevis,502,42,775 705 2696,BiAnnualy1
Dora Sumsion,503,47,972 754 5155,Monthly1
Christal Schaben,504,21,880 734 4323,Monthly1
Kelli Everington,505,54,389 407 5635,Annualy1
Marika Olech,506,18,252 223 7713,Annualy1
Aubrie Laidel,507,47,202 589 1856,BiAnnualy1
Korey Ganter,508,25,485 362 8596,Quarterly1
Jori Newarte,509,32,736 352 0947,Weekly1
Reg Evitts,510,26,761 137 4139,Monthly1
Faulkner Dozdill,511,46,838 843 8009,Daily1
See Edis,512,56,364 547 2727,Weekly1
Templeton McCombe,513,29,283 298 6877,Annualy1
Pris Thorwarth,514,44,989 670 7309,Quarterly1
Basilius Quoit,515,50,595 239 6007,Monthly1
Dosi Upchurch,516,35,171 374 3416,Monthly1
Tamiko Connechy,517,50,980 343 5411,BiAnnualy1
Veradis Hutcheon,518,32,627 375 4536,Monthly1
Paquito O'Haire,519,43,757 709 7629,Daily1
Sophronia Fidal,520,21,622 265 5773,BiAnnualy1
Raddy Demare,521,33,192 844 6004,Monthly1
Heida Cowthart,522,22,297 903 6053,Daily1
Nikita Le Cornu,523,47,130 656 7174,Weekly1
Micky Haggerwood,524,21,434 421 5123,Quarterly1
Skylar Gartland,525,20,630 656 7834,Annualy1
Mufi Schindler,526,34,815 918 1636,Quarterly1
Gale Sylett,527,30,707 935 0637,BiAnnualy1
Luelle Nelane,528,51,954 872 0152,Annualy1
Marcy Goodbarne,529,56,273 840 3092,Weekly1
Celestina Gonzalo,530,21,859 358 5400,BiAnnualy1
Jefferson Rearie,531,33,539 225 3474,BiAnnualy1
Ertha Davidovich,532,36,507 775 8025,Monthly1
Alistair Shee,533,50,608 880 9126,BiAnnualy1
Gale Minchi,534,18,989 920 1081,Daily1
Renate Bendle,535,35,997 655 8941,Daily1
Shela Chaudrelle,536,20,537 708 9623,Weekly1
Archibold Beebe,537,31,289 296 9409,Weekly1
Morley Mowsley,538,26,586 837 0198,Monthly1
Margery McVitty,539,30,207 773 2365,Monthly1
Rivalee Abbott,540,56,720 357 3318,Monthly1
Tomkin Hearne,541,58,268 662 9845,Monthly1
Audrye Rosenwald,542,33,804 859 8291,BiAnnualy1
Jeanine Georgiades,543,51,842 406 7990,Monthly1
Jackson Pull,544,24,356 565 8202,BiAnnualy1
Heinrik Kearsley,545,44,308 568 1067,Annualy1
Eric Nenci,546,29,376 452 9889,Quarterly1
Ruttger Carnduff,547,39,479 233 8913,Weekly1
Brod Stanwix,548,52,429 392 4433,Quarterly1
Lars Romanin,549,18,509 832 3050,Weekly1
Celestina Sperwell,550,41,965 381 0066,Quarterly1
Karia Lembrick,551,18,695 968 4499,Quarterly1
Lezlie Keneford,552,60,395 454 1482,Daily1
Rosabella Pentelo,553,46,435 991 9442,Weekly1
Vonnie Heavyside,554,57,413 395 4409,Quarterly1
Suzy Brasner,555,48,821 963 8628,Annualy1
Teena MacAllester,556,55,279 774 0792,Monthly1
Thalia Hugland,557,57,470 297 8958,Monthly1
Moira Conrard,558,44,746 848 9261,BiAnnualy1
Jania Elsmor,559,25,159 287 9112,BiAnnualy1
Bradney Schoenleiter,560,43,337 520 8444,Annualy1
Violette Larkworthy,561,18,999 461 9702,BiAnnualy1
Ketti Crunkhorn,562,33,431 420 3877,BiAnnualy1
Barry Snelman,563,28,394 130 4507,Monthly1
Marsh Vila,564,51,274 229 4059,Daily1
Mose Kirwin,565,59,514 994 0687,Weekly1
Bernice Foli,566,40,308 332 8130,Annualy1
Wylie Aleksandrev,567,53,777 253 6394,Weekly1
Grazia Muffin,568,34,135 209 5338,Weekly1
Land Leggitt,569,60,172 188 8884,BiAnnualy1
Gui Walthew,570,56,209 484 6437,Annualy1
Aryn Paudin,571,51,347 866 2401,Annualy1
Clayborne Fetter,572,55,308 410 2939,Daily1
Paulita Everingham,573,35,153 744 2842,BiAnnualy1
Rani Baszniak,574,31,375 337 4204,BiAnnualy1
Myrlene Tweede,575,33,641 285 0306,Quarterly1
Lauretta Berryann,576,46,663 373 1342,Weekly1
Charity Emptage,577,28,872 146 3834,Weekly1
Aluino Linke,578,33,565 621 4419,Quarterly1
Aigneis Loughead,579,22,310 985 7445,Annualy1
Mina Keelin,580,52,312 955 2656,Quarterly1
Celina Iggalden,581,49,589 123 4351,BiAnnualy1
Modesta Blackburne,582,45,704 234 8155,Weekly1
Guillermo Derr,583,60,758 689 7792,Monthly1
Cesar O'Cullinane,584,29,721 939 0297,Weekly1
Marty Saunper,585,45,537 518 5987,Monthly1
Alwin O'Shirine,586,26,286 548 9332,Daily1
Sheffy Wheaton,587,58,773 403 4144,BiAnnualy1
Dacey Bresnen,588,38,636 814 8020,Daily1
Vern Penwell,589,50,529 460 8201,Daily1
Vanda Teers,590,29,884 173 0573,Weekly1
Leigh Westgate,591,36,425 820 4932,Annualy1
Thebault Drains,592,46,953 276 0425,Monthly1
Anatol Pochin,593,50,636 623 0836,Quarterly1
Kean Ewert,594,43,534 810 0548,BiAnnualy1
Milt Hullbrook,595,53,339 387 2390,Monthly1
Harbert MacColl,596,37,450 664 2146,BiAnnualy1
Penn Sandall,597,19,931 779 6039,BiAnnualy1
Carri Goscar,598,33,503 230 8885,Daily1
Benedicto Benedtti,599,23,842 650 3025,Annualy1
Sara Owbridge,600,32,291 728 2965,BiAnnualy1
Rubetta Flecknell,601,34,509 268 6425,BiAnnualy1
Hill Hoyer,602,19,350 581 7612,Daily1
Korrie Covet,603,55,540 284 2950,BiAnnualy1
Nicol Ackland,604,24,832 994 1499,BiAnnualy1
Wendi Strute,605,28,760 798 6412,Monthly1
Donovan Gleder,606,19,520 443 1977,Weekly1
Dacey Manus,607,29,359 264 4788,BiAnnualy1
Walton O'Longain,608,44,679 130 0372,Annualy1
Freddie Forre,609,55,183 117 5618,Weekly1
Anthony Sambeck,610,35,532 590 1826,BiAnnualy1
Vail Labarre,611,39,867 883 7177,Monthly1
Dehlia Le Friec,612,23,121 725 8930,Daily1
Kylila Water,613,36,221 463 9838,Monthly1
Colet Parres,614,40,505 928 9685,Daily1
Nevil Monaghan,615,53,641 425 5082,Quarterly1
Ana Broschek,616,23,202 769 6879,Daily1
Jandy Donn,617,34,912 677 1356,BiAnnualy1
Joete Beasley,618,21,946 448 4705,Annualy1
Reagen Mudge,619,41,521 924 9775,Annualy1
Erinn Godmer,620,43,864 299 1897,Quarterly1
Darelle Melloi,621,48,481 347 9302,Monthly1
Eba Sedgman,622,35,573 375 2921,Monthly1
Nona Rosle,623,55,486 881 6936,Annualy1
Sosanna Ricket,624,34,364 307 9992,BiAnnualy1
Maris Darville,625,31,899 341 9588,Quarterly1
Elna Joel,626,23,691 405 2073,Annualy1
Cull Brickner,627,22,286 931 5970,Monthly1
Tomkin Hestrop,628,26,193 904 6332,Daily1
Katleen Carolan,629,38,512 905 6780,Quarterly1
Addi Crippell,630,37,653 157 1251,Quarterly1
Lorianna Courvert,631,48,175 460 3900,BiAnnualy1
Tobie Stowgill,632,25,544 109 5101,BiAnnualy1
Kristo Flucker,633,49,303 390 4444,Daily1
Patrick Inglesant,634,38,711 141 2074,Daily1
Christan Creasy,635,21,249 318 2681,Weekly1
Grayce Hattoe,636,41,144 380 6086,Daily1
Helge Rizziello,637,20,443 354 5403,Weekly1
Esteban de Courcey,638,21,623 158 9303,Monthly1
Marlow Alfonsini,639,45,676 155 7716,Weekly1
Moira Goucher,640,21,833 317 1542,Quarterly1
Lorie Coram,641,40,528 480 5674,Weekly1
Elizabeth Gregory,642,57,519 104 2628,Weekly1
Siouxie Hupka,643,31,961 262 8890,BiAnnualy1
Dave Ledgister,644,39,654 525 9930,Weekly1
Simona Kennsley,645,38,399 832 2824,BiAnnualy1
Carlynn McKew,646,38,861 619 8470,Daily1
Agna Siderfin,647,21,757 555 3278,Monthly1
Gauthier Gudgen,648,41,562 566 5431,Monthly1
Tarra Howel,649,18,362 122 2546,Weekly1
Rancell Megson,650,42,982 147 0975,Weekly1
Roseline Donett,651,44,928 225 6432,BiAnnualy1
Flory Heine,652,35,178 162 7972,Weekly1
Madelyn Witsey,653,34,642 432 0764,BiAnnualy1
Raye Dufoure,654,24,170 114 3828,BiAnnualy1
Ibby Craigg,655,56,596 778 3165,Weekly1
Mame Frankham,656,60,638 339 6724,Daily1
Cassius Osbaldstone,657,26,306 179 6751,Daily1
Ora Ravenscroft,658,50,131 324 7989,Quarterly1
Tandi Spriddle,659,40,697 671 3863,BiAnnualy1
Carolann Pandie,660,59,564 414 7446,Annualy1
Imojean Chidley,661,59,415 188 6039,Weekly1
Nadeen Cuzen,662,56,539 885 4332,Annualy1
Beret Rummin,663,43,386 969 4349,Daily1
Audrie MacTerrelly,664,50,682 777 3756,Annualy1
Kipp Phair,665,29,918 462 8832,Annualy1
Kerrill Edgett,666,54,400 618 4400,Quarterly1
Beckie Trundell,667,25,925 436 0166,Monthly1
Lanni Coronado,668,24,464 981 0861,Monthly1
Winna Riccard,669,48,471 330 7102,Monthly1
Glenine Matteau,670,58,978 430 3580,Annualy1
Gawain Lakin,671,34,485 267 2572,Weekly1
Lou Lean,672,30,794 788 8781,Weekly1
Gardener Alcock,673,56,647 670 7249,Daily1
Enrique Popland,674,44,856 863 6999,Daily1
Emmalynn Abramamov,675,53,136 478 8685,Daily1
Gunilla Ravenshear,676,51,100 768 9944,Quarterly1
Ashlen Swainson,677,54,972 233 1875,Monthly1
Gert Cuffin,678,41,215 764 5254,Weekly1
Lefty Darkins,679,35,602 227 5412,Quarterly1
Howard Mosson,680,29,400 167 7596,Monthly1
Tove Crosham,681,59,139 600 4914,Annualy1
Domenico Sciacovelli,682,45,742 110 3165,Annualy1
Base Wolfenden,683,50,678 982 3209,Weekly1
Marmaduke Noe,684,57,973 650 3458,Weekly1
Ki Pren,685,32,707 173 6772,Monthly1
Chaim Gallyhaock,686,47,276 734 8875,Daily1
Seward Shutte,687,36,799 568 4783,Quarterly1
Chip Heyfield,688,26,404 471 3228,Quarterly1
Frederik Weson,689,59,785 674 4893,Quarterly1
Val Cawson,690,45,953 143 0725,Weekly1
Nady Grinaway,691,19,411 968 0176,Daily1
Mata Kilcoyne,692,36,331 178 8931,Daily1
Rosemary Roz,693,51,432 189 9484,Quarterly1
Allyson Lynas,694,48,710 382 1712,BiAnnualy1
Carly Stranahan,695,18,495 841 1538,Weekly1
Jaymie Grushin,696,51,781 211 6776,Annualy1
Kitty Puckinghorne,697,44,995 365 5471,Quarterly1
Bond Beeres,698,24,299 610 0471,Daily1
Moira Parkyns,699,24,855 710 2244,Quarterly1
Sheffie Poletto,700,20,673 779 4373,Weekly1
Luis Bendare,701,35,236 872 2201,Monthly1
Wilden Goldingay,702,49,126 329 0631,Monthly1
James O'Sesnane,703,31,187 507 8212,Quarterly1
Archibold Sissens,704,22,945 838 4768,Annualy1
Katina Walshe,705,33,360 893 5736,Annualy1
Tony Chastand,706,35,981 137 8920,Quarterly1
Farand Pezey,707,35,546 662 1199,BiAnnualy1
Evelin Fishlee,708,18,813 104 5321,Quarterly1
Robyn Avey,709,37,689 526 3743,Monthly1
Katuscha Risdale,710,47,221 330 5744,Weekly1
Madelyn Sizeland,711,33,846 960 9053,Daily1
Rayner Biggerstaff,712,20,261 182 7980,Annualy1
Bella Cazin,713,38,798 223 6789,BiAnnualy1
Teador Lancashire,714,34,577 506 0155,Weekly1
Kale Kencott,715,25,167 723 9632,Monthly1
Kare Heningam,716,43,525 715 5757,Daily1
Maison Szimoni,717,45,157 470 9205,Weekly1
Dennet Trimnell,718,20,877 253 1624,Daily1
Jaymie Coate,719,42,579 845 9547,BiAnnualy1
Susann Mitrovic,720,23,830 318 2314,BiAnnualy1
Even Beddoe,721,32,429 222 2164,Annualy1
Madeline Gerriessen,722,52,402 850 4989,Quarterly1
Marisa Josilowski,723,24,737 998 9500,Monthly1
Shani Southworth,724,48,475 637 9164,Monthly1
Alida Pearsey,725,31,968 459 6545,Weekly1
Vern Butland,726,60,875 563 9909,BiAnnualy1
Timotheus Gaskin,727,32,666 598 5149,BiAnnualy1
Vivianna Madders,728,37,397 241 7128,Weekly1
Ferdinande Godfree,729,53,820 865 1575,Quarterly1
Jakie Ozelton,730,27,650 671 9387,Monthly1
Esme Jolliffe,731,52,676 880 1678,Annualy1
Christoper Bromell,732,53,534 576 6754,BiAnnualy1
Rozella Hardaker,733,45,148 881 2306,Daily1
Aveline Croyden,734,32,230 874 1610,Quarterly1
Scot Mapplebeck,735,36,289 914 3272,BiAnnualy1
Morton Easum,736,55,961 524 1302,Daily1
Zolly Veitch,737,49,113 476 9038,Weekly1
Helen-elizabeth Lenox,738,20,483 612 6111,Daily1
Raynard Farish,739,39,565 518 0186,Daily1
Matilde Moehle,740,34,492 959 3065,Daily1
Aldin Toffler,741,31,731 624 2374,Quarterly1
Saundra Olivetti,742,19,502 469 6344,Daily1
Blake Henkmann,743,39,917 602 6229,Annualy1
Jackqueline Sally,744,51,445 409 7960,Weekly1
Valerye Petrasso,745,48,531 650 8890,BiAnnualy1
Juline Inkster,746,53,861 894 1265,Annualy1
Ronald Daborne,747,29,598 392 5383,Daily1
Falkner Bernardeschi,748,60,377 373 6499,BiAnnualy1
Lynnelle Shireff,749,31,975 559 8125,Weekly1
Doria Klimecki,750,30,390 784 0270,Weekly1
Ed Iorillo,751,47,118 962 6398,Quarterly1
Kasper Humbell,752,59,326 631 2702,BiAnnualy1
Sibella Kings,753,19,870 827 7742,BiAnnualy1
Bjorn Tincey,754,57,695 932 6392,BiAnnualy1
Deanne Osgorby,755,49,542 530 1142,Weekly1
Kristos Raft,756,55,217 791 3420,Annualy1
Merrily Bramelt,757,34,791 858 4628,Weekly1
Jammal Dossetter,758,54,801 159 1025,BiAnnualy1
Justin Bryer,759,32,234 449 5800,Weekly1
Charmine Tripcony,760,59,497 353 7143,Annualy1
Ketti Robbeke,761,30,263 210 2549,Quarterly1
Mirabella Donegan,762,31,884 862 4476,Quarterly1
Myrle Shankle,763,23,784 158 7319,Quarterly1
Brigham Wickenden,764,19,867 932 7192,Annualy1
Fayette Lyst,765,25,632 955 5601,Weekly1
Allyson Skirvin,766,46,407 342 7353,Annualy1
Sigfried Peachment,767,40,985 694 4301,Daily1
Milli Voce,768,53,890 670 0720,Daily1
Mord Eastbury,769,39,577 537 7776,Quarterly1
April Staker,770,25,412 482 7750,Quarterly1
Leisha Rosie,771,31,848 751 4955,Annualy1
Terrijo Napton,772,40,298 652 5126,Monthly1
Domingo Wardroper,773,27,243 547 8538,Daily1
Zackariah Redihough,774,57,376 106 3083,Daily1
Nan Merioth,775,32,629 639 0072,Weekly1
Dominic Budleigh,776,44,615 210 9556,Quarterly1
Rik Wallbutton,777,33,124 676 6593,Monthly1
Dena Alldred,778,46,174 429 2774,Quarterly1
Laureen Chapleo,779,35,245 683 6587,Quarterly1
Dianne Wheeler,780,44,360 311 1316,Quarterly1
Kennie Duigenan,781,56,709 557 9226,Quarterly1
Christean Couche,782,53,620 698 0544,BiAnnualy1
Daniela Kynnd,783,52,792 637 8494,BiAnnualy1
Arte Jannequin,784,60,384 382 2308,Monthly1
Opal Evetts,785,34,526 336 7526,Daily1
Calv Dallimore,786,28,885 902 1077,BiAnnualy1
Blakeley De Cruce,787,36,842 243 1314,Monthly1
Wash Hooban,788,58,296 943 0203,Monthly1
Maurise Dyball,789,58,740 515 0696,BiAnnualy1
Kip Vaudrey,790,33,821 577 3116,BiAnnualy1
Jocelyne Hanford,791,57,566 277 1499,Quarterly1
Rozele Kerss,792,57,490 903 5498,Daily1
Domeniga Zammitt,793,55,275 294 5331,Annualy1
Olimpia De Gregorio,794,25,561 501 8041,Monthly1
Janenna Jakov,795,32,574 404 7176,Weekly1
Vern McGuane,796,20,339 826 4571,Daily1
Tobye Crilley,797,47,309 416 9310,Daily1
Urbain Dickie,798,18,387 696 9401,Annualy1
Margalit Hunnywell,799,43,188 760 1659,Annualy1
Kinny Pitkaithly,800,47,711 569 1704,Quarterly1
Corilla Straughan,801,42,882 294 6209,Quarterly1
Darill De Robertis,802,35,974 588 3188,Quarterly1
Justino Duplain,803,55,276 640 8286,Annualy1
Lonna Anten,804,29,657 472 2213,Daily1
Karoline Steward,805,57,758 734 6178,Quarterly1
Babara Mynott,806,23,748 984 5685,BiAnnualy1
Thaine Bridgewater,807,32,196 193 4357,Quarterly1
Trudey Sherwyn,808,33,844 186 2917,BiAnnualy1
Raffaello D'Andrea,809,45,485 423 7836,Daily1
Henri Wooller,810,29,985 387 1307,BiAnnualy1
Joshuah Ames,811,18,777 857 6277,BiAnnualy1
Ally Sant,812,33,798 280 7071,BiAnnualy1
Daniele Dorow,813,41,721 842 2386,Annualy1
Ashely Want,814,18,839 365 7572,BiAnnualy1
Bert Antonioni,815,20,871 145 7288,Annualy1
Chloris Quakley,816,24,474 808 0109,Quarterly1
Klement Grissett,817,56,915 370 8095,Quarterly1
Honoria McKinna,818,53,143 793 3292,Daily1
Kristina Easey,819,28,888 706 8765,BiAnnualy1
Jeffy Leeves,820,42,993 699 9883,Monthly1
Lauren Kilsby,821,44,104 475 5485,Weekly1
Fey Leband,822,55,987 861 0974,Quarterly1
Viki Scouller,823,28,836 435 4700,Daily1
Jacquetta Rollingson,824,37,737 980 3093,Daily1
Vernon Faloon,825,23,267 665 0113,Quarterly1
Gustave Le Monnier,826,46,510 697 4837,Monthly1
Wenda Monelle,827,20,215 713 0494,Monthly1
Reynolds Rooney,828,28,981 876 9447,BiAnnualy1
Anny Gerdes,829,24,589 671 6738,Monthly1
Deck Eldridge,830,34,764 746 6422,Quarterly1
Brandi Ughelli,831,56,811 142 3698,Monthly1
Tiphany Tuff,832,18,520 889 5130,Annualy1
Ester Pretorius,833,56,546 466 8967,Quarterly1
Katey Franchi,834,20,524 732 1831,Monthly1
Reeta Rizzotto,835,27,356 462 3643,Monthly1
Morton Illing,836,33,857 414 4016,Weekly1
Neal Cardon,837,59,255 238 8940,Quarterly1
Myrna Poundesford,838,57,804 543 9302,BiAnnualy1
Alethea Rivard,839,59,838 161 5129,Daily1
Gustavo Haysham,840,37,663 752 6698,Annualy1
Ilario Lovering,841,55,435 490 4316,Annualy1
Lenna Josebury,842,38,168 647 3719,Quarterly1
Zena Morrallee,843,51,356 529 2501,Daily1
Carri Height,844,45,891 291 2683,Quarterly1
Doria Urey,845,43,395 134 2489,Weekly1
Devan Bollis,846,36,868 910 4956,Annualy1
Harriet Ney,847,26,170 837 1783,Weekly1
Adah Gooderidge,848,54,743 548 9647,Annualy1
Brittani Venditto,849,49,635 629 6168,Annualy1
Brenden Guyver,850,36,718 304 9783,Daily1
Bryanty McFfaden,851,31,758 237 6460,Daily1
Neils Abbe,852,18,630 237 9098,Quarterly1
Agneta Heineken,853,20,845 912 7544,Daily1
Brigit Carmen,854,31,535 206 1976,Weekly1
Babette Julien,855,49,164 961 6560,Annualy1
Rafaello Colbertson,856,31,216 568 2768,Daily1
Danica Freyne,857,58,448 948 0994,Quarterly1
Horacio Trusler,858,59,547 466 1351,Weekly1
Debee Craighead,859,59,214 954 3189,BiAnnualy1
Dorene Deighton,860,58,195 268 4108,Quarterly1
Zackariah Ambrosi,861,40,810 155 6667,Monthly1
Hewett Foster,862,47,165 613 4450,Daily1
Dacia Dani,863,54,917 105 2888,Quarterly1
Ardella Grigoire,864,45,636 252 5792,BiAnnualy1
Kaia McHugh,865,27,801 207 1874,BiAnnualy1
Leann Radmore,866,34,937 150 9926,Annualy1
Nestor Milburne,867,59,742 919 0346,Annualy1
Susannah Nevison,868,51,733 412 1102,Quarterly1
Rowney Bleier,869,32,451 331 1646,Monthly1
Carson Clemes,870,21,104 622 7678,Weekly1
Malvina Malan,871,53,525 219 4098,Annualy1
Maynard Rutherforth,872,49,642 222 1005,Annualy1
Nathan Jarman,873,27,444 562 1301,Daily1
Matthaeus Deboy,874,33,174 391 5969,Weekly1
Karrie O'Roan,875,30,935 847 3507,Annualy1
Conn Hebard,876,28,796 924 0757,Quarterly1
Allayne Scipsey,877,37,457 774 9287,BiAnnualy1
Shep Chapple,878,28,396 997 6381,Quarterly1
Lorne Fulle,879,43,174 415 5612,Quarterly1
Gladi Bradden,880,60,764 132 4410,Weekly1
Tristan Coorington,881,47,611 950 0862,Weekly1
Eberto Trice,882,54,568 324 3247,Daily1
Min Lowrey,883,55,885 561 5511,Daily1
Morie Piotrkowski,884,31,656 984 7012,BiAnnualy1
Jarrad Yerlett,885,58,770 580 0521,Annualy1
Fletch Littlemore,886,36,988 369 1893,Monthly1
Livia Wherrit,887,28,412 385 8106,Quarterly1
Freedman Breitling,888,43,737 671 2544,Quarterly1
Lorilyn St. Pierre,889,43,417 519 5862,Weekly1
Enrika Hesse,890,56,105 324 2853,Quarterly1
Allie Buntain,891,27,222 183 1471,Daily1
Theda Tapton,892,54,177 668 8848,Quarterly1
Mathilde Loughan,893,57,154 221 9007,Quarterly1
Liv Rohlf,894,41,244 996 1127,Monthly1
Chrysler Vondrach,895,28,359 559 9699,Weekly1
Christie Mouan,896,25,160 410 2550,Monthly1
Erna Sellar,897,45,361 807 5335,Annualy1
Gaile Treweke,898,54,476 318 1691,Monthly1
Niki Bulle,899,35,484 303 1237,Monthly1
Ursa Wistance,900,55,815 394 0577,Annualy1
Reyna Copozio,901,21,922 231 5215,Weekly1
Dallas Balog,902,46,480 833 0059,Quarterly1
Aloysia Garahan,903,40,745 142 7870,Quarterly1
Isis Heiner,904,40,795 504 8522,Daily1
Sampson Poulney,905,25,427 585 7796,Annualy1
Licha Fennelly,906,53,812 351 5527,BiAnnualy1
Demetra Tanslie,907,40,408 586 4033,Monthly1
Harcourt Aronson,908,60,961 868 6766,Quarterly1
Gilbertine Eves,909,34,274 694 9836,Monthly1
Marga Bellward,910,43,137 174 6033,Annualy1
Kaylee Persse,911,26,343 609 7150,Monthly1
Nev Nockalls,912,49,517 138 8468,Quarterly1
Leonidas Dedham,913,46,984 545 5533,Annualy1
Emile Pogg,914,43,259 512 2885,Daily1
Salvidor Edsall,915,22,385 442 5748,Weekly1
Tabbie D'Antonio,916,27,899 795 7349,Monthly1
Marigold Toopin,917,50,424 236 8182,Weekly1
Ettie Sherston,918,46,856 174 2468,Weekly1
Felic Menere,919,32,721 549 9582,Weekly1
Seth Steers,920,43,348 896 3559,Quarterly1
Dorrie MacCallum,921,34,237 927 3948,BiAnnualy1
Roth Petegrew,922,34,795 670 7291,Annualy1
Annis Eden,923,47,680 273 9342,Weekly1
Kev Bendare,924,29,229 267 8955,BiAnnualy1
Taylor Conan,925,31,371 130 9286,Daily1
Chelsey Rowlett,926,31,900 340 0429,Monthly1
Lorena Bunclark,927,27,455 639 5756,Monthly1
Danell Emlyn,928,54,938 507 4531,Daily1
Caresa Bowsher,929,45,850 275 5793,Quarterly1
Roxy Devo,930,44,226 713 8869,Quarterly1
Hattie Wones,931,27,618 750 0883,Weekly1
Darelle MacGuigan,932,52,862 820 7701,BiAnnualy1
Rhonda Le Fevre,933,42,959 550 9266,Weekly1
Fanya Secombe,934,47,539 350 8156,Annualy1
Esmeralda Hanna,935,57,570 640 0666,Quarterly1
Carlie Careless,936,22,561 934 4033,Annualy1
Madelena Woodthorpe,937,56,104 237 6789,Annualy1
Ursa Barrow,938,42,301 303 1414,Weekly1
Caroljean Beckwith,939,26,258 477 9438,BiAnnualy1
Jordain Petel,940,35,986 830 0818,Quarterly1
Rurik Loddy,941,58,655 536 7619,Monthly1
Conny Patullo,942,56,133 384 0324,Monthly1
Violante Clint,943,47,729 696 6371,Quarterly1
Cortie Greendale,944,20,737 218 7735,Weekly1
Arne Raftery,945,46,472 519 0398,Quarterly1
Clarissa Dionsetto,946,35,132 549 5865,Weekly1
Laraine Ditty,947,54,265 646 5469,Monthly1
Fredra Adamovitch,948,50,873 894 0725,BiAnnualy1
Melodee Pabelik,949,19,157 242 5644,Daily1
Lonny Pennone,950,29,645 965 7964,Daily1
Beverie Muxworthy,951,40,303 216 0662,Monthly1
Cheston Champe,952,42,463 332 6373,Weekly1
Ellis Tingcomb,953,37,439 352 1067,Annualy1
Dulci Kinsell,954,28,451 365 9668,Monthly1
Billi Kingman,955,31,984 642 3643,Weekly1
Roseline Battill,956,23,603 968 3507,BiAnnualy1
Crysta Palombi,957,18,432 457 3778,Quarterly1
Blake Chisnall,958,50,717 876 8507,Quarterly1
Reginald Wodham,959,25,846 781 4267,Weekly1
Tab Fynn,960,55,591 152 1601,Weekly1
Ferdinanda Twallin,961,48,433 228 1440,Annualy1
Miller L'Hommee,962,55,563 502 7779,Daily1
Marilin Grishakov,963,53,367 527 8042,Weekly1
Erinn McCoy,964,54,454 488 8332,Monthly1
Teresina Climance,965,48,815 841 3698,BiAnnualy1
Tarrah Mathiassen,966,46,404 100 8937,Daily1
Jenica Soares,967,60,606 800 6079,Daily1
Alfred Brogini,968,25,145 144 5764,Daily1
Nisse Chesson,969,57,132 684 0717,Monthly1
Lukas Karys,970,40,774 845 2800,Quarterly1
Valeda Scimonelli,971,21,184 777 2309,Weekly1
Malissa Lade,972,46,162 258 5186,BiAnnualy1
Mikaela Cuardall,973,46,242 905 2417,Weekly1
Desmund Rowntree,974,36,512 759 9426,BiAnnualy1
Audry Dumigan,975,42,935 203 3912,Annualy1
Walden Thorley,976,25,577 960 2097,Annualy1
Wood Mac,977,46,813 309 1943,BiAnnualy1
Barby Rawles,978,37,419 712 1479,Monthly1
Ives Stanborough,979,24,121 130 1963,Weekly1
Lou Mason,980,51,850 906 7926,Weekly1
Andeee Quinnelly,981,44,846 790 6111,Weekly1
Corene Tierney,982,44,516 646 0012,Daily1
Elston Torra,983,59,508 893 2551,Quarterly1
King Nicely,984,26,793 367 5807,Weekly1
Chaddy Ros,985,31,782 285 0784,Daily1
Jasmina Lockyer,986,25,453 832 7393,Annualy1
Zabrina Brunsden,987,21,902 395 3027,Monthly1
Louise Acey,988,44,825 384 1891,BiAnnualy1
Fields Loughead,989,50,303 276 8118,Weekly1
Rozella Thrussell,990,30,902 576 1815,BiAnnualy1
Alexandre Wilds,991,26,406 910 8981,Annualy1
Irwinn Domniney,992,51,644 652 4852,Quarterly1
Timmi Hubberstey,993,44,989 821 3061,Quarterly1
Trish Lozano,994,21,457 439 3139,Weekly1
Kristyn Schechter,995,33,545 599 1064,Monthly1
Myrah Goskar,996,40,811 100 8476,Annualy1
Jennifer Tevelov,997,43,278 887 2915,Monthly1
Lissi Fernez,998,29,135 855 6195,Quarterly1
Gus Baton,999,26,193 916 9627,Quarterly1
Feodora Dewar,1000,59,884 477 6421,Quarterly1
